issn,title,authority,host,city,address,postcode,phone_num,picture,link

10603819,xx早报,xx通讯社,xx早报社,上海,xx区xx路x号,xxxxxx,xxxx-xxxxxxx,pic/n0.png,www.xxx.com

72440573,xx日报,xx通讯社,xx日报社,南京,xx区xx路x号,xxxxxx,xxxx-xxxxxxx,pic/n1.png,www.xxx.com

58167862,xx晨报,xx通讯社,xx晨报社,武汉,xx区xx路x号,xxxxxx,xxxx-xxxxxxx,pic/n2.png,www.xxx.com

69826728,xx晚报,xx通讯社,xx晚报社,上海,xx区xx路x号,xxxxxx,xxxx-xxxxxxx,pic/n3.png,www.xxx.com

96546119,xx生活报,xx通讯社,xx生活报社,深圳,xx区xx路x号,xxxxxx,xxxx-xxxxxxx,pic/n4.png,www.xxx.com

02571559,xx都市报,xx通讯社,xx都市报社,武汉,xx区xx路x号,xxxxxx,xxxx-xxxxxxx,pic/n5.png,www.xxx.com

